cluster,mean_pseudotime,n_cells
2,0.343686,328
3,0.291679,92
5,0.648302,155
11,0.274837,51
12,0.849342,81
