cluster,mean_pseudotime,n_cells
5,0.887108,155
7,0.212312,14
11,0.751462,82
12,0.247752,47
