{
  "cluster_ari": 0.41745150528061126,
  "cluster_nmi": 0.5923194822643936,
  "cluster_overlap_cells": 2377
}